zip,base_date,forecast_1m_pct,forecast_3m_pct,forecast_12m_pct,target_date_12m
34655,2026-08-31,0.1,0.4,0.2,2027-08-31
34668,2026-08-31,0.2,0.8,0.4,2027-08-31
37918,2026-08-31,0.2,0.7,1.9,2027-08-31
37920,2026-08-31,0.2,1.1,2.1,2027-08-31
33543,2026-08-31,0.0,0.3,0.2,2027-08-31
37922,2026-08-31,0.5,1.3,2.2,2027-08-31
34638,2026-08-31,0.0,0.2,0.2,2027-08-31
37312,2026-08-31,-0.1,0.1,0.7,2027-08-31
34653,2026-08-31,0.1,0.4,0.1,2027-08-31
34639,2026-08-31,0.1,0.5,0.3,2027-08-31
37931,2026-08-31,0.3,0.9,2.0,2027-08-31
37323,2026-08-31,0.0,0.2,0.7,2027-08-31
37919,2026-08-31,0.4,1.3,2.1,2027-08-31
37923,2026-08-31,0.4,1.2,2.0,2027-08-31
37311,2026-08-31,-0.1,0.0,0.7,2027-08-31
34667,2026-08-31,0.0,0.2,0.2,2027-08-31
37921,2026-08-31,0.2,0.8,2.0,2027-08-31
33545,2026-08-31,0.0,0.2,0.3,2027-08-31
33544,2026-08-31,0.1,0.5,0.3,2027-08-31
34652,2026-08-31,0.1,0.6,0.2,2027-08-31
37849,2026-08-31,0.2,0.8,2.1,2027-08-31
37934,2026-08-31,0.4,1.4,2.2,2027-08-31
37932,2026-08-31,0.3,0.9,2.0,2027-08-31
33541,2026-08-31,-0.1,0.1,0.2,2027-08-31
37917,2026-08-31,-0.3,0.4,1.5,2027-08-31
34654,2026-08-31,-0.1,0.1,0.2,2027-08-31
33525,2026-08-31,-0.1,0.2,0.3,2027-08-31
33542,2026-08-31,0.1,0.5,0.3,2027-08-31
37912,2026-08-31,0.2,0.9,2.0,2027-08-31
37914,2026-08-31,0.2,0.9,2.1,2027-08-31
34691,2026-08-31,0.1,0.6,0.2,2027-08-31
37938,2026-08-31,0.2,0.7,2.0,2027-08-31
33523,2026-08-31,0.0,0.4,0.1,2027-08-31
34610,2026-08-31,0.0,0.4,0.4,2027-08-31
37909,2026-08-31,0.2,0.8,1.9,2027-08-31
34669,2026-08-31,-0.1,0.1,0.3,2027-08-31
37924,2026-08-31,0.3,0.8,2.1,2027-08-31
34690,2026-08-31,0.1,0.8,0.5,2027-08-31
37916,2026-08-31,0.5,1.0,2.8,2027-08-31
37721,2026-08-31,0.1,0.5,2.0,2027-08-31
33540,2026-08-31,0.0,0.4,0.5,2027-08-31
34637,2026-08-31,-0.1,0.1,0.1,2027-08-31
37871,2026-08-31,0.1,0.8,1.9,2027-08-31
37310,2026-08-31,0.2,0.6,1.2,2027-08-31
33576,2026-08-31,-0.1,0.2,0.0,2027-08-31
37353,2026-08-31,0.1,0.4,0.8,2027-08-31
37915,2026-08-31,-0.1,1.1,1.3,2027-08-31
37806,2026-08-31,0.1,0.6,2.0,2027-08-31
37902,2026-08-31,-0.1,-0.3,1.7,2027-08-31
